id,SalePrice
1461,128256.0
1462,152571.25
1463,180218.12
1464,183984.5
1465,197388.475
1466,183824.91
1467,169224.455
1468,176895.945
1469,183252.7
1470,119676.045
1471,196244.985
1472,96934.5
1473,100041.675
1474,154894.25
1475,142758.75
1476,402351.085
1477,253541.515
1478,304258.645
1479,245112.77
1480,455785.11
1481,313475.43
1482,207079.455
1483,178483.01
1484,178092.935
1485,171450.96
1486,197833.115
1487,331609.52
1488,239364.805
1489,215374.09
1490,199849.005
1491,189581.885
1492,96852.615
1493,170329.875
1494,295248.825
1495,298545.07
1496,224286.145
1497,193694.295
1498,153219.375
1499,152931.3
1500,151150.7
1501,175094.54
1502,168956.855
1503,301751.265
1504,231788.455
1505,216124.09
1506,185900.245
1507,220172.52
1508,199532.6
1509,164688.515
1510,149348.995
1511,149299.745
1512,170154.54
1513,148152.24
1514,162266.895
1515,181453.865
1516,163069.41
1517,152281.535
1518,129807.075
1519,224689.66
1520,135481.75
1521,144594.875
1522,163117.0
1523,113972.48
1524,121657.705
1525,126904.365
1526,127679.25
1527,101628.225
1528,129417.625
1529,143880.75
1530,166661.455
1531,129653.565
1532,106915.625
1533,150966.5
1534,116464.165
1535,158480.87
1536,116331.195
1537,76364.655
1538,189997.89
1539,240875.405
1540,113483.435
1541,152641.51
1542,144969.545
1543,218702.22
1544,79385.67
1545,105490.615
1546,122694.75
1547,139899.5
1548,137451.925
1549,113046.0
1550,143668.92
1551,118424.77
1552,149359.115
1553,144445.85
1554,114989.845
1555,166989.0
1556,102308.245
1557,128676.09
1558,97546.045
1559,114420.59
1560,150710.505
1561,153659.89
1562,128934.04
1563,125326.47
1564,163224.59
1565,155409.315
1566,215056.115
1567,80597.68
1568,226695.02
1569,151282.835
1570,128037.09
1571,134527.585
1572,146350.75
1573,235107.02
1574,114562.435
1575,214057.575
1576,214641.735
1577,210430.39
1578,153841.525
1579,142879.3
1580,188892.56
1581,139625.54
1582,130590.5
1583,329794.295
1584,244050.36
1585,141271.5
1586,73160.305
1587,105396.275
1588,151416.415
1589,102054.53
1590,132979.42
1591,107567.05
1592,126172.2
1593,118239.795
1594,144231.46
1595,122978.935
1596,234239.98
1597,162781.605
1598,183980.43
1599,219485.985
1600,191452.645
1601,84178.08
1602,115281.055
1603,98252.55
1604,277668.55
1605,249917.73
1606,166079.25
1607,161065.78
1608,217924.265
1609,204341.025
1610,163117.245
1611,150596.6
1612,163125.355
1613,164334.805
1614,120550.59
1615,85165.75
1616,82355.75
1617,87656.25
1618,127105.83
1619,132647.0
1620,148186.445
1621,138229.485
1622,154700.585
1623,293770.53
1624,216249.2
1625,131739.505
1626,175463.875
1627,189519.335
1628,279325.18
1629,174510.41
1630,341452.925
1631,227529.315
1632,249009.88
1633,170186.865
1634,180369.25
1635,180066.02
1636,161521.535
1637,176735.595
1638,215608.725
1639,180880.225
1640,249420.805
1641,184921.19
1642,216804.72
1643,224715.58
1644,221836.5
1645,177972.07
1646,151227.28
1647,167310.755
1648,141472.685
1649,137744.0
1650,123739.75
1651,125062.75
1652,93632.5
1653,99487.895
1654,158259.7
1655,157835.945
1656,151014.25
1657,154981.29
1658,154416.51
1659,141827.425
1660,145013.475
1661,444361.58
1662,389414.42
1663,369095.04
1664,449988.79
1665,310635.02
1666,329011.605
1667,357724.335
1668,322584.745
1669,299809.4
1670,330464.69
1671,261469.13
1672,454191.225
1673,301325.355
1674,254791.06
1675,186818.98
1676,190746.47
1677,216106.485
1678,452751.635
1679,372893.98
1680,318893.685
1681,265896.825
1682,302160.84
1683,188530.835
1684,171317.925
1685,175010.905
1686,168243.835
1687,168891.74
1688,184935.135
1689,187842.525
1690,181085.13
1691,172948.455
1692,267723.445
1693,170305.575
1694,183880.0
1695,170213.225
1696,266774.055
1697,169867.345
1698,348304.54
1699,320228.845
1700,246133.635
1701,260610.87
1702,256218.95
1703,252153.305
1704,292591.625
1705,237796.12
1706,439932.915
1707,222645.625
1708,219814.96
1709,278708.17
1710,228634.63
1711,263543.055
1712,232770.92
1713,245358.67
1714,225095.875
1715,198377.205
1716,178918.02
1717,166687.725
1718,144004.195
1719,205849.61
1720,254479.725
1721,165367.955
1722,133942.075
1723,156108.44
1724,216692.705
1725,229081.735
1726,186984.61
1727,171581.29
1728,185918.885
1729,166887.635
1730,164145.625
1731,119263.91
1732,133542.35
1733,126946.16
1734,131062.625
1735,132870.75
1736,116306.825
1737,362564.145
1738,215832.54
1739,269301.48
1740,190540.46
1741,180251.365
1742,172266.63
1743,174367.71
1744,316735.175
1745,243525.58
1746,265972.47
1747,219142.515
1748,208842.7
1749,159026.885
1750,148627.12
1751,227834.345
1752,123871.5
1753,140975.35
1754,218835.05
1755,164258.905
1756,124654.0
1757,120475.955
1758,145473.08
1759,169626.685
1760,159428.535
1761,153191.03
1762,175465.41
1763,168265.66
1764,116872.925
1765,167809.865
1766,171128.11
1767,198692.885
1768,139472.5
1769,165503.035
1770,140499.125
1771,137745.415
1772,140482.54
1773,139889.67
1774,132125.835
1775,132691.0
1776,120868.52
1777,118792.315
1778,129892.0
1779,118541.48
1780,176786.555
1781,133156.09
1782,103024.295
1783,131398.98
1784,95229.9
1785,115489.635
1786,151639.785
1787,166976.04
1788,64030.885
1789,94810.075
1790,91980.42
1791,181505.21
1792,152921.75
1793,137412.09
1794,141744.51
1795,137946.545
1796,123401.795
1797,113270.945
1798,124152.24
1799,115553.49
1800,126751.175
1801,130247.33
1802,153248.485
1803,146719.7
1804,141852.67
1805,133219.75
1806,115096.1
1807,153880.725
1808,121931.79
1809,128210.67
1810,144518.33
1811,116907.83
1812,116270.72
1813,121734.545
1814,100907.625
1815,64592.16
1816,103704.835
1817,124362.33
1818,134277.37
1819,117147.72
1820,82853.965
1821,122613.5
1822,149811.625
1823,62543.995
1824,138284.665
1825,137344.63
1826,103976.395
1827,108938.29
1828,140265.41
1829,113183.22
1830,145387.465
1831,167535.5
1832,111750.49
1833,149822.515
1834,134430.405
1835,177373.21
1836,126692.82
1837,105802.13
1838,137176.25
1839,85790.555
1840,168813.48
1841,151098.83
1842,92865.68
1843,139318.185
1844,137163.175
1845,142949.765
1846,148861.0
1847,149833.365
1848,66217.78
1849,116270.825
1850,128934.33
1851,152909.445
1852,127104.825
1853,133570.08
1854,172866.925
1855,142769.265
1856,222237.445
1857,163823.075
1858,138756.49
1859,120921.755
1860,154567.1
1861,120696.935
1862,264585.05
1863,260284.715
1864,260284.715
1865,329895.99
1866,323628.495
1867,246057.14
1868,300028.08
1869,194687.085
1870,248994.73
1871,258274.45
1872,171774.015
1873,227375.135
1874,138592.875
1875,204318.22
1876,192968.66
1877,210008.1
1878,209935.585
1879,133808.05
1880,136429.75
1881,239082.805
1882,256467.99
1883,198362.81
1884,223145.845
1885,261499.93
1886,299462.56
1887,203753.035
1888,276774.825
1889,165660.035
1890,136351.87
1891,142917.83
1892,113503.5
1893,136652.875
1894,128357.585
1895,149554.57
1896,123021.955
1897,116405.705
1898,107582.745
1899,132036.46
1900,148988.19
1901,162571.66
1902,133942.36
1903,215692.0
1904,134111.945
1905,178912.28
1906,154776.38
1907,201588.95
1908,116949.665
1909,136801.745
1910,125806.425
1911,192010.52
1912,267886.68
1913,147163.99
1914,65696.205
1915,325724.395
1916,73513.615
1917,257139.745
1918,137567.965
1919,156864.45
1920,149237.95
1921,403379.365
1922,320756.235
1923,206556.37
1924,240846.075
1925,226308.105
1926,375862.84
1927,139151.4
1928,161488.185
1929,125612.205
1930,128593.375
1931,140204.8
1932,134910.37
1933,170872.44
1934,183242.76
1935,176559.785
1936,190650.875
1937,180958.995
1938,168047.89
1939,247954.57
1940,196867.725
1941,177529.435
1942,193792.485
1943,195009.19
1944,312402.125
1945,366044.975
1946,159885.385
1947,303750.675
1948,169458.89
1949,247389.95
1950,177716.225
1951,266978.295
1952,245164.05
1953,166121.31
1954,206634.6
1955,128461.12
1956,277907.74
1957,159578.745
1958,308323.695
1959,138283.68
1960,114969.07
1961,119795.52
1962,95070.0
1963,106522.0
1964,111392.605
1965,155625.65
1966,156900.06
1967,296229.39
1968,393542.075
1969,380358.425
1970,417881.97
1971,423713.4
1972,354694.095
1973,273838.435
1974,313224.165
1975,453195.165
1976,275128.075
1977,353060.47
1978,350282.195
1979,325126.42
1980,193975.49
1981,336409.895
1982,236774.375
1983,223723.405
1984,168930.595
1985,209421.075
1986,210197.215
1987,183425.47
1988,179070.945
1989,185985.35
1990,219451.86
1991,219526.61
1992,214186.155
1993,171234.945
1994,243596.88
1995,181712.865
1996,255199.275
1997,329697.46
1998,349846.845
1999,255678.93
2000,299208.69
2001,265015.49
2002,232431.115
2003,256587.09
2004,265054.055
2005,233771.2
2006,225244.855
2007,248079.53
2008,215207.815
2009,192558.95
2010,189815.025
2011,152753.5
2012,180691.255
2013,182905.31
2014,188878.955
2015,195121.965
2016,194626.41
2017,204375.42
2018,124221.0
2019,134726.955
2020,120239.79
2021,117714.415
2022,177721.485
2023,150426.06
2024,220714.71
2025,379175.84
2026,186709.97
2027,149301.08
2028,154389.245
2029,167311.905
2030,281697.46
2031,258681.445
2032,280115.12
2033,274610.985
2034,164610.17
2035,204689.745
2036,192003.15
2037,201418.595
2038,335584.625
2039,209795.705
2040,389620.095
2041,284254.515
2042,204085.69
2043,171776.2
2044,172272.49
2045,230757.19
2046,136383.33
2047,153424.795
2048,131168.735
2049,132881.855
2050,173384.625
2051,107825.66
2052,132294.14
2053,142701.0
2054,87505.075
2055,161453.6
2056,130403.57
2057,127629.67
2058,213407.015
2059,127940.725
2060,162960.75
2061,173350.9
2062,135846.0
2063,116335.79
2064,139407.0
2065,121468.75
2066,174400.42
2067,133548.185
2068,135885.85
2069,85637.5
2070,111143.05
2071,96880.605
2072,136387.63
2073,137098.915
2074,182147.2
2075,147302.81
2076,123399.43
2077,148731.75
2078,128911.465
2079,130202.75
2080,117461.05
2081,122820.165
2082,128516.725
2083,147289.875
2084,112625.285
2085,130274.095
2086,114386.05
2087,122895.325
2088,106788.945
2089,95679.49
2090,132557.575
2091,127078.605
2092,134652.87
2093,139322.815
2094,138627.98
2095,150621.745
2096,88784.7
2097,101204.63
2098,148975.43
2099,67620.975
2100,111560.79
2101,123776.26
2102,146819.065
2103,105420.005
2104,132846.665
2105,128571.11
2106,81135.49
2107,244644.63
2108,119133.91
2109,113074.235
2110,125080.075
2111,155521.795
2112,136775.415
2113,119020.27
2114,110866.39
2115,146538.75
2116,112767.585
2117,144098.415
2118,119531.645
2119,108697.805
2120,113954.18
2121,110462.065
2122,105667.565
2123,92796.79
2124,191300.85
2125,133412.885
2126,157865.82
2127,151132.74
2128,133129.39
2129,105675.84
2130,144899.01
2131,160719.825
2132,116522.135
2133,114881.38
2134,118912.69
2135,105558.575
2136,83918.145
2137,114473.865
2138,135774.915
2139,149518.2
2140,136867.625
2141,138393.245
2142,135931.665
2143,142721.495
2144,117739.595
2145,135794.0
2146,151525.84
2147,159390.35
2148,124732.48
2149,135100.25
2150,232274.81
2151,135281.17
2152,169774.67
2153,158291.125
2154,111215.75
2155,130966.5
2156,220850.12
2157,239527.89
2158,237366.41
2159,215704.25
2160,170082.765
2161,252181.355
2162,428748.275
2163,334264.405
2164,258531.03
2165,174446.51
2166,144850.75
2167,206643.33
2168,214498.17
2169,191383.95
2170,220999.375
2171,142637.335
2172,138364.245
2173,158052.41
2174,246075.66
2175,310100.325
2176,321835.415
2177,258223.595
2178,222778.705
2179,148190.01
2180,193136.195
2181,190987.705
2182,229317.5
2183,195715.935
2184,132436.0
2185,131935.175
2186,146071.795
2187,145112.45
2188,156135.165
2189,180291.925
2190,84096.52
2191,89068.715
2192,93678.8
2193,100496.625
2194,103220.625
2195,116097.01
2196,108486.94
2197,111346.485
2198,157059.175
2199,160677.835
2200,129476.37
2201,135372.815
2202,195996.07
2203,156400.265
2204,172928.21
2205,118637.81
2206,132589.585
2207,234095.945
2208,230777.575
2209,184109.65
2210,125538.965
2211,115836.92
2212,114767.98
2213,104488.155
2214,146757.175
2215,104291.61
2216,149636.45
2217,69988.525
2218,91330.78
2219,75219.66
2220,83454.125
2221,324482.02
2222,251166.2
2223,267379.97
2224,214179.99
2225,133985.915
2226,178081.975
2227,197774.03
2228,280165.025
2229,238963.125
2230,162949.68
2231,212433.73
2232,173305.675
2233,172493.645
2234,258432.04
2235,201057.965
2236,271717.755
2237,350292.435
2238,203614.475
2239,122974.23
2240,164939.685
2241,150780.975
2242,137433.41
2243,139482.795
2244,95598.25
2245,93671.5
2246,144776.135
2247,102079.77
2248,124840.55
2249,126911.0
2250,138089.8
2251,121871.495
2252,174170.87
2253,157370.005
2254,178696.38
2255,191826.75
2256,180122.46
2257,197336.45
2258,174400.6
2259,178296.65
2260,151087.435
2261,191443.59
2262,205272.685
2263,328717.335
2264,422673.19
2265,171612.57
2266,289847.375
2267,356833.655
2268,367447.795
2269,162447.605
2270,181917.085
2271,249883.71
2272,205264.39
2273,165029.15
2274,171492.5
2275,166366.36
2276,169663.155
2277,181648.24
2278,157514.67
2279,120064.29
2280,118462.395
2281,177095.27
2282,175139.855
2283,96598.5
2284,112285.89
2285,148935.52
2286,128834.88
2287,335038.305
2288,271950.535
2289,376507.01
2290,416505.61
2291,313866.515
2292,395201.575
2293,447835.395
2294,385510.175
2295,431394.645
2296,276785.24
2297,311952.07
2298,313365.18
2299,372379.835
2300,315159.515
2301,279421.235
2302,231205.52
2303,246596.655
2304,249357.255
2305,184218.805
2306,186022.125
2307,187198.64
2308,220591.08
2309,284055.055
2310,226816.045
2311,193499.04
2312,171304.27
2313,176281.015
2314,173005.67
2315,173116.745
2316,179010.155
2317,180508.58
2318,172767.015
2319,174693.07
2320,183307.52
2321,254681.975
2322,168801.755
2323,181715.98
2324,167424.235
2325,221312.82
2326,166785.33
2327,211078.195
2328,219299.865
2329,182263.425
2330,179017.56
2331,356139.85
2332,402379.655
2333,311498.74
2334,259000.22
2335,258337.39
2336,335535.39
2337,200326.145
2338,281367.885
2339,231361.39
2340,379140.74
2341,217874.13
2342,242516.235
2343,218853.51
2344,236048.3
2345,245482.21
2346,219670.97
2347,200005.33
2348,228501.655
2349,152486.095
2350,283436.58
2351,263963.715
2352,245832.07
2353,206289.475
2354,131509.94
2355,158504.465
2356,151015.07
2357,199697.67
2358,197548.145
2359,126376.345
2360,122469.77
2361,139477.25
2362,265862.605
2363,139726.545
2364,147309.715
2365,223155.975
2366,195156.425
2367,222246.26
2368,205092.765
2369,223413.62
2370,167024.45
2371,170122.625
2372,175004.735
2373,263860.315
2374,298304.23
2375,237464.75
2376,267995.6
2377,342279.05
2378,135111.08
2379,203475.06
2380,143260.165
2381,160510.415
2382,181647.125
2383,214581.535
2384,243490.065
2385,149286.95
2386,139341.0
2387,133296.865
2388,99735.89
2389,126527.35
2390,135416.58
2391,135744.765
2392,114762.7
2393,163600.525
2394,145555.75
2395,195078.15
2396,151108.255
2397,198321.5
2398,125274.025
2399,64004.19
2400,62215.19
2401,116526.505
2402,136832.5
2403,133409.095
2404,143133.415
2405,159553.25
2406,137113.5
2407,128723.83
2408,138163.9
2409,131243.75
2410,163583.37
2411,123039.04
2412,155864.92
2413,139245.625
2414,135873.75
2415,128249.98
2416,127739.94
2417,130491.25
2418,123212.995
2419,131768.28
2420,126230.04
2421,149333.15
2422,120276.645
2423,130710.275
2424,150579.905
2425,164404.315
2426,123920.16
2427,138547.795
2428,172577.915
2429,114141.75
2430,129559.915
2431,116648.66
2432,135391.035
2433,142738.25
2434,143000.125
2435,151631.12
2436,108155.91
2437,110878.33
2438,123865.87
2439,113215.415
2440,123630.79
2441,107599.47
2442,102676.6
2443,114744.705
2444,125697.0
2445,91717.075
2446,134999.695
2447,219294.92
2448,140694.455
2449,115001.4
2450,153982.26
2451,122967.875
2452,217944.17
2453,98113.66
2454,126487.53
2455,105036.95
2456,139534.26
2457,118041.34
2458,112068.955
2459,111772.415
2460,138286.49
2461,118520.54
2462,136781.02
2463,117810.63
2464,155240.94
2465,130048.795
2466,117582.87
2467,154865.92
2468,96099.235
2469,94854.395
2470,182503.17
2471,203571.595
2472,174960.655
2473,118908.385
2474,104720.775
2475,225222.55
2476,110665.66
2477,131466.5
2478,161366.75
2479,114034.95
2480,133238.245
2481,123826.59
2482,135750.75
2483,118538.655
2484,120765.35
2485,124356.455
2486,152302.785
2487,178628.475
2488,153160.71
2489,146448.23
2490,150151.245
2491,89888.655
2492,179281.495
2493,135767.47
2494,165140.78
2495,98587.17
2496,215058.845
2497,147634.42
2498,119171.88
2499,91791.465
2500,128398.73
2501,134128.635
2502,146366.685
2503,99146.725
2504,185740.26
2505,219729.445
2506,256383.22
2507,319178.565
2508,254801.15
2509,223375.93
2510,231138.57
2511,187945.58
2512,215043.135
2513,213764.88
2514,238268.98
2515,149042.26
2516,155928.415
2517,135548.625
2518,141886.385
2519,230016.66
2520,206513.025
2521,193050.77
2522,221998.69
2523,132215.5
2524,140929.205
2525,143860.865
2526,138643.705
2527,114029.465
2528,126397.165
2529,134650.75
2530,110503.58
2531,238560.25
2532,227637.855
2533,199770.475
2534,244984.695
2535,305766.93
2536,230802.505
2537,233256.89
2538,186256.91
2539,188346.99
2540,178136.1
2541,179308.13
2542,166744.125
2543,132600.85
2544,133334.56
2545,127856.745
2546,147043.035
2547,140780.935
2548,158457.14
2549,161257.335
2550,402898.46
2551,145124.235
2552,119755.0
2553,85642.18
2554,118820.705
2555,109603.665
2556,104479.065
2557,118665.5
2558,161378.525
2559,139375.705
2560,130146.625
2561,142339.04
2562,138592.63
2563,147802.5
2564,168970.485
2565,123589.125
2566,153659.73
2567,132872.415
2568,183640.515
2569,185997.4
2570,122682.965
2571,165135.775
2572,188958.27
2573,240787.73
2574,300436.25
2575,126589.625
2576,133071.115
2577,161693.03
2578,98236.695
2579,83807.49
2580,133327.73
2581,130548.985
2582,118111.915
2583,277840.675
2584,160739.795
2585,175257.11
2586,205851.54
2587,205000.285
2588,150465.085
2589,144724.85
2590,225392.52
2591,208463.69
2592,229005.525
2593,253983.16
2594,174727.845
2595,210926.705
2596,332247.58
2597,177232.9
2598,268041.965
2599,311846.68
2600,157113.555
2601,133942.19
2602,86925.5
2603,95105.91
2604,86254.0
2605,82510.305
2606,143640.7
2607,174323.655
2608,200827.07
2609,166168.99
2610,115091.25
2611,156309.34
2612,151215.86
2613,128552.5
2614,126074.405
2615,152123.125
2616,138034.5
2617,171243.49
2618,179896.22
2619,225042.92
2620,185278.5
2621,183156.35
2622,188732.85
2623,250756.63
2624,269801.185
2625,315880.605
2626,164907.455
2627,186798.08
2628,416390.885
2629,524697.55
2630,356413.03
2631,458144.35
2632,405948.87
2633,306190.625
2634,379953.96
2635,148378.265
2636,198980.25
2637,168479.635
2638,254802.9
2639,181205.845
2640,149659.25
2641,106946.21
2642,191509.32
2643,109342.855
2644,129593.23
2645,97474.75
2646,93376.5
2647,99906.5
2648,138095.185
2649,139999.765
2650,148234.305
2651,154469.56
2652,451137.155
2653,252656.66
2654,244939.21
2655,354623.63
2656,323621.125
2657,343045.125
2658,277748.5
2659,300801.275
2660,323717.045
2661,321340.415
2662,336853.695
2663,278278.28
2664,282361.165
2665,312842.14
2666,289045.53
2667,170143.93
2668,179103.905
2669,178970.99
2670,283074.305
2671,180330.015
2672,182776.08
2673,203213.18
2674,198307.23
2675,173556.19
2676,186265.695
2677,198681.99
2678,260897.525
2679,285944.095
2680,269958.98
2681,405754.68
2682,325812.91
2683,515776.675
2684,307470.115
2685,339555.91
2686,262256.185
2687,327439.525
2688,234180.865
2689,218116.33
2690,463808.46
2691,189804.365
2692,139814.17
2693,191207.965
2694,135543.47
2695,190338.145
2696,187263.43
2697,190037.935
2698,199139.2
2699,179310.33
2700,168824.59
2701,149853.06
2702,114336.085
2703,145977.05
2704,139704.695
2705,128213.75
2706,120013.375
2707,122734.79
2708,133390.25
2709,112626.75
2710,126322.995
2711,279061.625
2712,368616.59
2713,177523.255
2714,150229.785
2715,172129.465
2716,169375.1
2717,181249.295
2718,230150.475
2719,155812.37
2720,164890.065
2721,141081.0
2722,169799.865
2723,145658.17
2724,130646.325
2725,135041.295
2726,143600.375
2727,166370.87
2728,170101.57
2729,154059.955
2730,145857.9
2731,120583.455
2732,120093.92
2733,157533.975
2734,146013.83
2735,135361.625
2736,141066.45
2737,122794.665
2738,131350.58
2739,157768.0
2740,136304.395
2741,147048.545
2742,152859.65
2743,152078.25
2744,145677.825
2745,135892.25
2746,133077.0
2747,156408.535
2748,122896.915
2749,129541.25
2750,133080.165
2751,131615.58
2752,231709.29
2753,154404.86
2754,197112.46
2755,126947.575
2756,100822.75
2757,74914.835
2758,90609.795
2759,156354.54
2760,140705.96
2761,145483.92
2762,147737.25
2763,190633.74
2764,170195.125
2765,261944.195
2766,142959.83
2767,93591.75
2768,126894.705
2769,127613.865
2770,157141.53
2771,120174.665
2772,124077.25
2773,145680.72
2774,139797.385
2775,138948.87
2776,148428.565
2777,148167.125
2778,125826.79
2779,126731.735
2780,108947.27
2781,104340.72
2782,101418.76
2783,106789.0
2784,130707.25
2785,139310.74
2786,84195.72
2787,120042.04
2788,90788.035
2789,216838.485
2790,93469.04
2791,117591.18
2792,81945.355
2793,163216.815
2794,107799.99
2795,116851.785
2796,103019.58
2797,186796.75
2798,128189.995
2799,118177.13
2800,76703.82
2801,112051.935
2802,140138.385
2803,153528.33
2804,148092.525
2805,96258.25
2806,94962.59
2807,153765.745
2808,146013.305
2809,133303.83
2810,133612.965
2811,158367.725
2812,145083.7
2813,159642.165
2814,163341.21
2815,98695.56
2816,247720.825
2817,131518.105
2818,132877.5
2819,179666.675
2820,132582.665
2821,104848.855
2822,185440.66
2823,229939.42
2824,179413.32
2825,155311.655
2826,132444.425
2827,144473.5
2828,208153.455
2829,174833.515
2830,232927.44
2831,190647.88
2832,221798.075
2833,287136.295
2834,216852.86
2835,220626.84
2836,191328.445
2837,168547.7
2838,142931.035
2839,181169.525
2840,193541.82
2841,202186.26
2842,221548.15
2843,149587.01
2844,155805.85
2845,124938.25
2846,214702.715
2847,198965.075
2848,219994.115
2849,209126.69
2850,276878.96
2851,242011.31
2852,228507.405
2853,237800.585
2854,140308.8
2855,197615.51
2856,210176.905
2857,188010.475
2858,196906.88
2859,142182.925
2860,127222.0
2861,126121.21
2862,191658.535
2863,122799.455
2864,259567.145
2865,141347.545
2866,136273.35
2867,97285.63
2868,112860.405
2869,122570.88
2870,156915.25
2871,105578.125
2872,65918.55
2873,105636.525
2874,141356.525
2875,114547.81
2876,161781.85
2877,145435.94
2878,164453.4
2879,149547.26
2880,108083.38
2881,153263.39
2882,165005.95
2883,168057.86
2884,180932.96
2885,179196.63
2886,195047.75
2887,99035.48
2888,126358.9
2889,65472.42
2890,88849.26
2891,136504.84
2892,60660.955
2893,109675.435
2894,65424.735
2895,318381.5
2896,283078.545
2897,200548.22
2898,149625.255
2899,233509.05
2900,157608.375
2901,190122.47
2902,185860.995
2903,345164.32
2904,353958.48
2905,114195.315
2906,199490.63
2907,118482.985
2908,129340.5
2909,141504.16
2910,84216.5
2911,86998.0
2912,152202.785
2913,88865.665
2914,85010.75
2915,84631.75
2916,86694.605
2917,153017.435
2918,115452.25
2919,223219.97
